{
    "chapterInfoDict": {
        "m_keys": [
            0,
            1,
            2
        ],
        "m_values": [
            {
                "levelInfoDict": {
                    "m_keys": [
                        0,
                        1,
                        2,
                        3
                    ],
                    "m_values": [
                        1,
                        1,
                        1,
                        1
                    ]
                }
            },
            {
                "levelInfoDict": {
                    "m_keys": [
                        0,
                        1,
                        2,
                        3,
                        4
                    ],
                    "m_values": [
                        1,
                        1,
                        1,
                        1,
                        1
                    ]
                }
            },
            {
                "levelInfoDict": {
                    "m_keys": [
                        0,
                        1,
                        2
                    ],
                    "m_values": [
                        1,
                        1,
                        1
                    ]
                }
            }
        ]
    },
    "chapterTimerInfoDict": {
        "m_keys": [
            0,
            1,
            2
        ],
        "m_values": [
            {
                "levelTimerInfoDict": {
                    "m_keys": [
                        0,
                        1,
                        2,
                        3
                    ],
                    "m_values": [
                        13.76673412322998,
                        46.016883850097659,
                        14.933599472045899,
                        14.683361053466797
                    ]
                }
            },
            {
                "levelTimerInfoDict": {
                    "m_keys": [
                        0,
                        1,
                        2,
                        3,
                        4
                    ],
                    "m_values": [
                        137.942626953125,
                        26.63309097290039,
                        16.08344268798828,
                        56.8673095703125,
                        278.3742370605469
                    ]
                }
            },
            {
                "levelTimerInfoDict": {
                    "m_keys": [
                        0,
                        1,
                        2
                    ],
                    "m_values": [
                        74.0164794921875,
                        231.81439208984376,
                        163.40594482421876
                    ]
                }
            }
        ]
    }
}