{
    "chapterInfoDict": {
        "m_keys": [
            0,
            1,
            2
        ],
        "m_values": [
            {
                "levelInfoDict": {
                    "m_keys": [
                        0,
                        1,
                        2,
                        3
                    ],
                    "m_values": [
                        1,
                        1,
                        1,
                        1
                    ]
                }
            },
            {
                "levelInfoDict": {
                    "m_keys": [
                        0,
                        1,
                        2,
                        3,
                        4
                    ],
                    "m_values": [
                        1,
                        1,
                        1,
                        1,
                        1
                    ]
                }
            },
            {
                "levelInfoDict": {
                    "m_keys": [
                        0,
                        1,
                        2
                    ],
                    "m_values": [
                        1,
                        1,
                        1
                    ]
                }
            }
        ]
    },
    "chapterTimerInfoDict": {
        "m_keys": [
            0,
            1,
            2
        ],
        "m_values": [
            {
                "levelTimerInfoDict": {
                    "m_keys": [
                        0,
                        1,
                        2,
                        3
                    ],
                    "m_values": [
                        11.116801261901856,
                        70.40033721923828,
                        16.516754150390626,
                        9.85004997253418
                    ]
                }
            },
            {
                "levelTimerInfoDict": {
                    "m_keys": [
                        0,
                        1,
                        2,
                        3,
                        4
                    ],
                    "m_values": [
                        339.2887268066406,
                        31.98291015625,
                        21.966556549072267,
                        94.18083190917969,
                        40.18328094482422
                    ]
                }
            },
            {
                "levelTimerInfoDict": {
                    "m_keys": [
                        0,
                        1,
                        2
                    ],
                    "m_values": [
                        86.43173217773438,
                        456.7886962890625,
                        510.7715148925781
                    ]
                }
            }
        ]
    }
}