{
    "chapterInfoDict": {
        "m_keys": [
            0,
            1,
            2
        ],
        "m_values": [
            {
                "levelInfoDict": {
                    "m_keys": [
                        0,
                        1,
                        2,
                        3
                    ],
                    "m_values": [
                        1,
                        1,
                        1,
                        1
                    ]
                }
            },
            {
                "levelInfoDict": {
                    "m_keys": [
                        0,
                        1,
                        2,
                        3,
                        4
                    ],
                    "m_values": [
                        1,
                        1,
                        1,
                        1,
                        1
                    ]
                }
            },
            {
                "levelInfoDict": {
                    "m_keys": [
                        0,
                        1,
                        2
                    ],
                    "m_values": [
                        1,
                        1,
                        1
                    ]
                }
            }
        ]
    },
    "chapterTimerInfoDict": {
        "m_keys": [
            0,
            1,
            2
        ],
        "m_values": [
            {
                "levelTimerInfoDict": {
                    "m_keys": [
                        0,
                        1,
                        2,
                        3
                    ],
                    "m_values": [
                        31.24955940246582,
                        176.73753356933595,
                        57.600677490234378,
                        10.383346557617188
                    ]
                }
            },
            {
                "levelTimerInfoDict": {
                    "m_keys": [
                        0,
                        1,
                        2,
                        3,
                        4
                    ],
                    "m_values": [
                        1048.9560546875,
                        58.684173583984378,
                        49.38361358642578,
                        223.43255615234376,
                        128.5264434814453
                    ]
                }
            },
            {
                "levelTimerInfoDict": {
                    "m_keys": [
                        0,
                        1,
                        2
                    ],
                    "m_values": [
                        182.43836975097657,
                        269.4872131347656,
                        219.48265075683595
                    ]
                }
            }
        ]
    }
}