{
    "chapterInfoDict": {
        "m_keys": [
            0,
            1,
            2
        ],
        "m_values": [
            {
                "levelInfoDict": {
                    "m_keys": [
                        0,
                        1,
                        2,
                        3
                    ],
                    "m_values": [
                        1,
                        1,
                        1,
                        1
                    ]
                }
            },
            {
                "levelInfoDict": {
                    "m_keys": [
                        0,
                        1,
                        2,
                        3,
                        4
                    ],
                    "m_values": [
                        1,
                        1,
                        1,
                        1,
                        1
                    ]
                }
            },
            {
                "levelInfoDict": {
                    "m_keys": [
                        0,
                        1,
                        2
                    ],
                    "m_values": [
                        1,
                        1,
                        1
                    ]
                }
            }
        ]
    },
    "chapterTimerInfoDict": {
        "m_keys": [
            0,
            1,
            2
        ],
        "m_values": [
            {
                "levelTimerInfoDict": {
                    "m_keys": [
                        0,
                        1,
                        2,
                        3
                    ],
                    "m_values": [
                        7.866648197174072,
                        301.98541259765627,
                        20.48326301574707,
                        5.600034713745117
                    ]
                }
            },
            {
                "levelTimerInfoDict": {
                    "m_keys": [
                        0,
                        1,
                        2,
                        3,
                        4
                    ],
                    "m_values": [
                        150.24200439453126,
                        60.71762466430664,
                        26.133052825927736,
                        87.54853820800781,
                        19.933265686035158
                    ]
                }
            },
            {
                "levelTimerInfoDict": {
                    "m_keys": [
                        0,
                        1,
                        2
                    ],
                    "m_values": [
                        94.63093566894531,
                        121.39424896240235,
                        157.77357482910157
                    ]
                }
            }
        ]
    }
}