{
    "chapterInfoDict": {
        "m_keys": [
            0,
            1,
            2
        ],
        "m_values": [
            {
                "levelInfoDict": {
                    "m_keys": [
                        0,
                        1,
                        2,
                        3
                    ],
                    "m_values": [
                        1,
                        1,
                        1,
                        1
                    ]
                }
            },
            {
                "levelInfoDict": {
                    "m_keys": [
                        0,
                        1,
                        2,
                        3,
                        4
                    ],
                    "m_values": [
                        1,
                        1,
                        1,
                        1,
                        1
                    ]
                }
            },
            {
                "levelInfoDict": {
                    "m_keys": [
                        0,
                        1,
                        2
                    ],
                    "m_values": [
                        1,
                        1,
                        1
                    ]
                }
            }
        ]
    },
    "chapterTimerInfoDict": {
        "m_keys": [
            0,
            1,
            2
        ],
        "m_values": [
            {
                "levelTimerInfoDict": {
                    "m_keys": [
                        0,
                        1,
                        2,
                        3
                    ],
                    "m_values": [
                        17.633346557617189,
                        385.5756530761719,
                        48.367244720458987,
                        9.150052070617676
                    ]
                }
            },
            {
                "levelTimerInfoDict": {
                    "m_keys": [
                        0,
                        1,
                        2,
                        3,
                        4
                    ],
                    "m_values": [
                        1322.9473876953125,
                        27.082988739013673,
                        18.43334197998047,
                        126.89391326904297,
                        38.783199310302737
                    ]
                }
            },
            {
                "levelTimerInfoDict": {
                    "m_keys": [
                        0,
                        1,
                        2
                    ],
                    "m_values": [
                        78.93278503417969,
                        367.73785400390627,
                        115.22844696044922
                    ]
                }
            }
        ]
    }
}