{
    "chapterInfoDict": {
        "m_keys": [
            0,
            1
        ],
        "m_values": [
            {
                "levelInfoDict": {
                    "m_keys": [
                        0,
                        1,
                        2,
                        3
                    ],
                    "m_values": [
                        1,
                        1,
                        1,
                        1
                    ]
                }
            },
            {
                "levelInfoDict": {
                    "m_keys": [
                        0,
                        1,
                        2,
                        3,
                        4
                    ],
                    "m_values": [
                        1,
                        1,
                        1,
                        1,
                        1
                    ]
                }
            }
        ]
    },
    "chapterTimerInfoDict": {
        "m_keys": [
            0,
            1,
            2
        ],
        "m_values": [
            {
                "levelTimerInfoDict": {
                    "m_keys": [
                        0,
                        1,
                        2,
                        3
                    ],
                    "m_values": [
                        26.88307762145996,
                        433.6697692871094,
                        45.46676254272461,
                        18.966575622558595
                    ]
                }
            },
            {
                "levelTimerInfoDict": {
                    "m_keys": [
                        0,
                        1,
                        2,
                        3,
                        4
                    ],
                    "m_values": [
                        1258.531982421875,
                        97.01371002197266,
                        52.133792877197269,
                        561.6442260742188,
                        239.21343994140626
                    ]
                }
            },
            {
                "levelTimerInfoDict": {
                    "m_keys": [
                        0
                    ],
                    "m_values": [
                        1803.30712890625
                    ]
                }
            }
        ]
    }
}