{
    "chapterInfoDict": {
        "m_keys": [
            0
        ],
        "m_values": [
            {
                "levelInfoDict": {
                    "m_keys": [
                        0,
                        1,
                        2,
                        3,
                        4
                    ],
                    "m_values": [
                        1,
                        1,
                        1,
                        1,
                        1
                    ]
                }
            }
        ]
    },
    "chapterTimerInfoDict": {
        "m_keys": [
            0
        ],
        "m_values": [
            {
                "levelTimerInfoDict": {
                    "m_keys": [
                        0,
                        1,
                        2,
                        3,
                        4
                    ],
                    "m_values": [
                        3.6145761013031008,
                        5.255286693572998,
                        11.204007148742676,
                        10.070830345153809,
                        3.0145838260650636
                    ]
                }
            }
        ]
    }
}